<?xml version="1.0" encoding="UTF-8"?>
<!--This is a Reload version 2.5.5 SCORM 1.2 Content Package document-->
<!--Spawned from the Reload Content Package Generator - http://www.reload.ac.uk-->
<manifest xmlns="http://www.imsproject.org/xsd/imscp_rootv1p1p2" xmlns:imsmd="http://www.imsglobal.org/xsd/imsmd_rootv1p2p1" xmlns:xsi="http://www.w3.org/2001/XMLSchema-instance" xmlns:adlcp="http://www.adlnet.org/xsd/adlcp_rootv1p2" identifier="MANIFEST-B67C7282722C853C51BADCD97CC3183D" xsi:schemaLocation="http://www.imsproject.org/xsd/imscp_rootv1p1p2 imscp_rootv1p1p2.xsd http://www.imsglobal.org/xsd/imsmd_rootv1p2p1 imsmd_rootv1p2p1.xsd http://www.adlnet.org/xsd/adlcp_rootv1p2 adlcp_rootv1p2.xsd">
  <organizations default="ORG-FA848B1CD02ADBC41557EE34EB420598">
    <organization identifier="ORG-FA848B1CD02ADBC41557EE34EB420598" structure="hierarchical">
      <title>eViacam</title>
      <item identifier="ITEM-2BF59DECCDAE5C682B93D906F1C7DFED" identifierref="RES-6B65D3134D089D1B411C3CCB7DC9E067" isvisible="true">
        <title>Introducció</title>
      </item>
      <item identifier="ITEM-257AB0B08801884AA7DDFC98216C2496" identifierref="RES-A3AF1D1BDB802D5514620D6D674D0530" isvisible="true">
        <title>Entorn de treball</title>
      </item>
      <item identifier="ITEM-301FC24D45E57C8236AF5B72709D0421" identifierref="RES-3BB644538C27E4E426657B55B87343D9" isvisible="true">
        <title>Factors importants de la càmera web</title>
      </item>
      <item identifier="ITEM-66EF7D2C2CE7141963CC8EA95BA22978" identifierref="RES-D587865D3CE2C7BA7ADF3FA72ADA5BC8" isvisible="true">
        <title>Opcions de configuració</title>
      </item>
      <item identifier="ITEM-FB2440F8C0F2502AB27F0BF6CBA0564F" identifierref="RES-838C10C18706C73085EF34CAC0A12E87" isvisible="true">
        <title>Modes de fer clic</title>
      </item>
      <item identifier="ITEM-1C126E2B2A1C88DED449D35E151B1D27" identifierref="RES-C4D462B76639CD255B31E8B327558D9A" isvisible="true">
        <title>La Barra de Clic</title>
      </item>
      <item identifier="ITEM-F1544680698747CDCB04035F1F3BCC7C" identifierref="RES-FE849ED6B05D9F9CA0E4A45914EA84B9" isvisible="true">
        <title>L'assistent de configuració</title>
      </item>
      <item identifier="ITEM-B0C2539FE9025052C277DC4331AC35C3" identifierref="RES-B499E2C2C228670218EE7C20BD2F13E0" isvisible="true">
        <title>Mètode de calibració automàtic</title>
      </item>
    </organization>
  </organizations>
  <resources>
    <resource identifier="RES-6B65D3134D089D1B411C3CCB7DC9E067" type="webcontent" href="html/intro.htm">
      <file href="html/intro.htm" />
    </resource>
    <resource identifier="RES-A3AF1D1BDB802D5514620D6D674D0530" type="webcontent" href="html/environment.htm">
      <file href="html/environment.htm" />
    </resource>
    <resource identifier="RES-3BB644538C27E4E426657B55B87343D9" type="webcontent" href="html/webcam.htm">
      <file href="html/webcam.htm" />
    </resource>
    <resource identifier="RES-D587865D3CE2C7BA7ADF3FA72ADA5BC8" type="webcontent" href="html/options.htm">
      <file href="html/options.htm" />
    </resource>
    <resource identifier="RES-838C10C18706C73085EF34CAC0A12E87" type="webcontent" href="html/click.htm">
      <file href="html/click.htm" />
    </resource>
    <resource identifier="RES-C4D462B76639CD255B31E8B327558D9A" type="webcontent" href="html/click_bar.htm">
      <file href="html/click_bar.htm" />
    </resource>
    <resource identifier="RES-FE849ED6B05D9F9CA0E4A45914EA84B9" type="webcontent" href="html/wizard.htm">
      <file href="html/wizard.htm" />
    </resource>
    <resource identifier="RES-B499E2C2C228670218EE7C20BD2F13E0" type="webcontent" href="html/calibration.htm">
      <file href="html/calibration.htm" />
    </resource>
  </resources>
</manifest>

