<?xml version="1.0" encoding="UTF-8"?>
<!--This is a Reload version 2.5.5 SCORM 1.2 Content Package document-->
<!--Spawned from the Reload Content Package Generator - http://www.reload.ac.uk-->
<manifest xmlns="http://www.imsproject.org/xsd/imscp_rootv1p1p2" xmlns:imsmd="http://www.imsglobal.org/xsd/imsmd_rootv1p2p1" xmlns:xsi="http://www.w3.org/2001/XMLSchema-instance" xmlns:adlcp="http://www.adlnet.org/xsd/adlcp_rootv1p2" identifier="MANIFEST-08A3BCC223282EF5E0C707AC82D77F11" xsi:schemaLocation="http://www.imsproject.org/xsd/imscp_rootv1p1p2 imscp_rootv1p1p2.xsd http://www.imsglobal.org/xsd/imsmd_rootv1p2p1 imsmd_rootv1p2p1.xsd http://www.adlnet.org/xsd/adlcp_rootv1p2 adlcp_rootv1p2.xsd">
  <organizations default="ORG-4B14F391D302AAF0B8A4C6AFC791E28D">
    <organization identifier="ORG-4B14F391D302AAF0B8A4C6AFC791E28D" structure="hierarchical">
      <title>eViacam</title>
      <item identifier="ITEM-789C200AA3B48E67D3F463A3EAE669F4" identifierref="RES-80A779BB8B6AE0EED8342E545F4E84AC" isvisible="true">
        <title>Introduction</title>
      </item>
      <item identifier="ITEM-CFC84BC25A6A26DD16C9294F106D0655" identifierref="RES-BC9EA3F8756CF5BB1B6BB38BD7044680" isvisible="true">
        <title>Working environment</title>
      </item>
      <item identifier="ITEM-8FCAD59AE50C467757BBE6FC5FE84024" identifierref="RES-CABF71D8C31E21184835146814680A23" isvisible="true">
        <title>Web camera's key factors</title>
      </item>
      <item identifier="ITEM-0C8A1F5B57D2E95EBFDDACCCFE6BA6FF" identifierref="RES-7E6CAE25B256239F2C6D2A662C437765" isvisible="true">
        <title>Configuration options</title>
      </item>
      <item identifier="ITEM-344DD7AFF0CA466F5DB2B76C253D9789" identifierref="RES-DDB977A0D01BD084E4136A06DE86FE90" isvisible="true">
        <title>Click modes</title>
      </item>
      <item identifier="ITEM-E2F00195D1248E659595AC0A61CEA113" identifierref="RES-E41BB8C8EB6B460F5445B4FA2C4CCDF5" isvisible="true">
        <title>Click Bar</title>
      </item>
      <item identifier="ITEM-6F34DEA75C1EF9D54461E64D2429F78F" identifierref="RES-65D03F0C5F578D14DBBAAD00A676C60C" isvisible="true">
        <title>The wizard</title>
      </item>
      <item identifier="ITEM-0EC2C9AD44FC349BF50432CE552D7C97" identifierref="RES-C48D8C6E0E08BE1C2A2962F33390A35A" isvisible="true">
        <title>Automatic calibration method</title>
      </item>
    </organization>
  </organizations>
  <resources>
    <resource identifier="RES-80A779BB8B6AE0EED8342E545F4E84AC" type="webcontent" href="html/intro.htm">
      <file href="html/intro.htm" />
    </resource>
    <resource identifier="RES-BC9EA3F8756CF5BB1B6BB38BD7044680" type="webcontent" href="html/environment.htm">
      <file href="html/environment.htm" />
    </resource>
    <resource identifier="RES-CABF71D8C31E21184835146814680A23" type="webcontent" href="html/webcam.htm">
      <file href="html/webcam.htm" />
    </resource>
    <resource identifier="RES-7E6CAE25B256239F2C6D2A662C437765" type="webcontent" href="html/options.htm">
      <file href="html/options.htm" />
    </resource>
    <resource identifier="RES-DDB977A0D01BD084E4136A06DE86FE90" type="webcontent" href="html/click.htm">
      <file href="html/click.htm" />
    </resource>
    <resource identifier="RES-E41BB8C8EB6B460F5445B4FA2C4CCDF5" type="webcontent" href="html/click_bar.htm">
      <file href="html/click_bar.htm" />
    </resource>
    <resource identifier="RES-65D03F0C5F578D14DBBAAD00A676C60C" type="webcontent" href="html/wizard.htm">
      <file href="html/wizard.htm" />
    </resource>
    <resource identifier="RES-C48D8C6E0E08BE1C2A2962F33390A35A" type="webcontent" href="html/calibration.htm">
      <file href="html/calibration.htm" />
    </resource>
  </resources>
</manifest>

